{
    "recipe": {
        "window size": 240,
        "batch size": 64,
        "learning rate": 1e-05,
        "beta1": 0.9,
        "beta2": 0.999,
        "weight decay": 0.01,
        "warmup": 8000,
        "dropout": 0.0,
        "stop buffer": 0.001,
        "patience": 5,
        "vel alpha": 0.3,
        "accel alpha": 0.3,
        "seed": 2873657207
    },
    "performance": {
        "avg_loss": 2.0657198456832275,
        "average_high_d": 2.507858991622925,
        "average_low_d": 2.507858991622925,
        "average_close_d": 2.507858991622925
    }
}