{
    "recipe": {
        "window size": 240,
        "batch size": 64,
        "learning rate": 5e-06,
        "beta1": 0.9,
        "beta2": 0.999,
        "weight decay": 0.01,
        "warmup": 8000,
        "T0": 10000,
        "T_mult": 2,
        "dropout": 0.0,
        "stop buffer": 0.001,
        "patience": 5,
        "vel alpha": 0.3,
        "accel alpha": 0.3,
        "seed": 3294786246
    },
    "performance": {
        "avg_loss": 2.734116218197474,
        "average_high_d": 8.966582298278809,
        "average_low_d": 8.966582298278809,
        "average_close_d": 8.966582298278809
    }
}