{
    "recipe": {
        "window size": 360,
        "batch size": 64,
        "learning rate": 6e-06,
        "beta1": 0.9,
        "beta2": 0.999,
        "weight decay": 0.05,
        "warmup": 9000,
        "T0": 10000,
        "T_mult": 2,
        "dropout": 0.1,
        "stop buffer": 1e-05,
        "patience": 5,
        "vel alpha": 0.3,
        "accel alpha": 0.3,
        "seed": 1931755566
    },
    "performance": {
        "avg_loss": 0.48128883748699997,
        "accuracy": 76.77619730216489,
        "false_positive_rate": 0.13333333333333333,
        "false_negative_rate": 0.375,
        "false_positives": 16,
        "false_negatives": 3
    }
}